lx,ly,itfin,return_code,mlups
256,256,5000,0,66.470744
512,512,5000,0,73.941016
1024,1024,5000,0,95.835576
